justatest greenwa2@ucmail.uc.edu
test greenwa2@ucmail.uc.edu
jam mackje@UCMAIL.UC.EDU
mack mackje@UCMAIL.UC.EDU
guan guanhg@ucmail.uc.edu
yuzh yuzh@mail.uc.edu
gulgascg gulgascg@ucmail.uc.edu
warminmr warminmr@ucmail.uc.edu
Nayera abdelanm@mail.uc.edu
CAB adebroca@mail.uc.edu
zhang3y3 zhang3y3@mail.uc.edu
dawnab dawnab@ucmail.uc.edu
mirzamms mirzamms@ucmail.uc.edu
ekanayda ekanayda@mail.uc.edu
premnagt premnagt@mail.uc.edu
wang3sg wang3sg@mail.uc.edu
georges4 georges4@mail.uc.edu
colletjd colletjd@mail.uc.edu
lydonen lydonen@mail.uc.edu
nogueira nogueira@mail.uc.edu
yueci yueci@mail.uc.edu
Niza shah2sa@mail.uc.edu
willi6ck willi6ck@mail.uc.edu
sunca sunca@mail.uc.edu
minaj jafarima@mail.uc.edu
Judkindf judkindf@mail.uc.edu
kangxu kangxu@mail.uc.edu
daltoney daltoney@mail.uc.edu
chimalpa chimalpa@mail.uc.edu
senevipp senevipp@mail.uc.edu
abernast abernast@mail.uc.edu
merugurr merugurr@mail.uc.edu
Sheeniza shah2sa@mail.uc.edu
Light guerinps@mail.uc.edu
larrabee larrabce@ucmail.uc.edu
mckenztj mckenztj@mail.uc.edu
sriramvu sriramvu@mail.uc.edu
xuanliu liu3x9@mail.uc.edu
hangq hangq@mail.uc.edu
mason2jo mason2jo@mail.uc.edu
Jiangjb jiangjb@ucmail.uc.edu
yankl yankl@mail.uc.edu
silvarh silvarh@mail.uc.edu
lashgaar lashgaar@mail.uc.edu
pattonlt pattonlt@mail.uc.edu
mokhtamh mokhtamh@mail.uc.edu
jamesb jamesb6@mail.uc.edu
zhangt8 zhangt8@mail.uc.edu
gloverjv gloverjv@mail.uc.edu
hoggjb hoggjb@mail.uc.edu
shxiao shangxo@ucmail.uc.edu
TBECK beckto@mail.uc.edu
Bedraj pandeybj@mail.uc.edu
devini devini@mail.uc.edu
mokhtann mokhtann@mail.uc.edu
chaturan chaturan@mail.uc.edu
tangjh tangj4@ucmail.uc.edu
rachna balra@mail.uc.edu
sebastwm sebastwm@mail.uc.edu
Nate barkernl@mail.uc.edu
GD dinggn@ucmail.uc.edu
yanwo yanwo@mail.uc.edu
caiae caiae@ucmail.uc.edu
panigrsr panigrsr@mail.uc.edu
ahmedno ahmedno@mail.uc.edu
li3zn li3zn@mail.uc.edu
Hassan_m abdelrms@mail.uc.edu
044732 hanch@ucmail.uc.edu
dossanrl dossanrl@mail.uc.edu
marqueda marqueda@mail.uc.edu
Dengzh dengzh@mail.uc.edu
Xiaowang wang5x3@ucmail.uc.edu
Bingxin91 liubx@mail.uc.edu
Pajoubja pajoubja@mail.uc.edu
lyuxg lyuxg@ucmail.uc.edu
liuk8 liuk8@ucmail.uc.edu
fullenaj fullenaj@mail.uc.edu
mendiswp mendiswp@mail.uc.edu
macrica macrica@mail.uc.edu
manishfu manishfu@mail.uc.edu
crabtrba crabtrba@mail.uc.edu
crewsjs crewsjs@mail.uc.edu
Dulmini jayawadi@mail.uc.edu
Naomi coutinni@mail.uc.edu
Tharushi rajagutr@mail.uc.edu
huddlemn huddlemn@mail.uc.edu
smith8a6 smith8a6@mail.uc.edu
girardam girardam@ucmail.uc.edu
ramana mittapry@ucmail.uc.edu
itoti itoti@mail.uc.edu
br3ttk karstebd@mail.uc.edu
mackay mackay@mail.uc.edu
leonaz aleon11@csustan.edu
gottsacj gottsacj@mail.uc.edu
carte2ks k.d.carter78772@spartans.nsu.edu
milbrama milbrama@mail.uc.edu
seloojje Jude.Selo-Ojeme@ttu.edu
naberge naberge@mail.uc.edu
mahranjb mahranjb@mail.uc.edu
sheshavi sheshavi@mail.uc.edu
chenr8 chenr8@mail.uc.edu
debeleta debeleta@ucmail.uc.edu
bruceka bruceka@mail.uc.edu
chaowg chaowg@mail.uc.edu
sinhaso sinhaso@ucmail.uc.edu
lonergka lonergka@mail.uc.edu
ligd ligd@ucmail.uc.edu
anadhasa anadhasa@mail.uc.edu
park4jk park4jk@mail.uc.edu
websteba websteba@mail.uc.edu
kundubk kundubk@ucmail.uc.edu
daraa daraa@ucmail.uc.edu
gautamrk gautamrk@ucmail.uc.edu
pitawenr pitawenr@mail.uc.edu
akinjija akinjija@mail.uc.edu
rajju rajju@mail.uc.edu
meyerok meyerok@mail.uc.edu
